﻿{"cameraMode":{"drawMode":0,"name":"Shaded","section":"Shading Mode"},"sceneLighting":true,"audioPlay":false,"sceneViewState":{"showFog":true,"showMaterialUpdate":false,"showSkybox":true,"showFlares":true,"showImageEffects":true,"showParticleSystems":true},"in2DMode":false,"pivot":{"x":112.82147216796875,"y":208.61026000976563,"z":513.9644165039063},"rotation":{"x":0.13673406839370728,"y":0.6961548328399658,"z":-0.13772134482860566,"w":0.6911640763282776},"size":813.539306640625,"orthographic":false}